[
  {
    "share_index": "115&uc&夸克",
    "share_name": "115-电影大包，21t",
    "share_id": "swz8hp033xj",
    "share_pwd":"0000",
    "share_type":"115"
  },
  {
    "share_index": "115&uc&夸克",
    "share_name": "115-豆瓣电影Top250_12.65TB",
    "share_id": "swz8h1h33xj",
    "share_pwd":"0000",
    "share_type":"115"
  },
  {
    "share_index": "115&uc&夸克",
    "share_name": "115-整理好蓝光和4K_2.24PB",
    "share_id": "swzew4m3nc6",
    "share_pwd":"i0d7",
    "share_type":"115"
  },
  {
    "share_index": "UC",
    "share_name": "庆余年2",
    "share_id": "8638c53af3884"
  },
  {
    "share_index": "115演唱会",
    "share_name": "115演唱会",
    "share_id": "swz18wn3zh9",
    "share_pwd":"yf61",
    "share_type":"115"
  },
  {
    "share_index": "115&uc&夸克",
    "share_name": "微凉夸克国漫",
    "share_id": "fb6d4c39c83f"
  },
  {
    "share_index": "115&uc&夸克",
    "share_name": "全球夸克短剧",
    "share_id": "b9bb20e86c54"
  },
  {
    "share_index": "夸克",
    "share_name": "夸克热播剧",
    "share_id": "657d8c2b550f"
  },
  {
    "share_index": "夸克",
    "share_name": "夸克新电影",
    "share_id": "0a6d22042d07"
  },
  {
    "share_index": "夸克",
    "share_name": "晚风夸克合集",
    "share_id": "3efb8fb706bf"
  },
  {
    "share_index": "夸克",
    "share_name": "MTV精选1万首夸克",
    "share_id": "3e458103b556"
  },
  {
    "share_index": "阿里",
    "share_name": "NBA阿里",
    "share_id": "hVAgTmqUELD"
  },
  {
    "share_index": "夸克",
    "share_name": "夸克MV",
    "share_id": "e10ef5a111e5"
  },
  {
    "share_index": "夸克",
    "share_name": "GRT最新电影夸克",
    "share_id": "2b2216c8d8da"
  },

  {
    "share_index": "夸克",
    "share_name": "短剧夸克",
    "share_id": "6a200a0487c4"
  },
  {
    "share_index": "夸克",
    "share_name": "短剧夸克2",
    "share_id": "5173a250c8f7"
  },
  {
    "share_index": "阿里",
    "share_name": "NBA阿里",
    "share_id": "uWa9gbM3RJ7"
  },
  {
    "share_index": "阿里",
    "share_name": "老湿傅阿里",
    "share_id": "5bsnAp5fbCW"
  },
  {
    "share_index": "阿里",
    "share_name": "优品阁",
    "share_id": "uWa9gbM3RJ7"
  },
  {
    "share_index": "阿里",
    "share_name": "阿里1T",
    "share_id": "mxAfB6eRgY4"
  },
  {
    "share_index": "阿里",
    "share_name": "GRT总链接",
    "share_id": "MtGFAWrTWx1"
  },
  {
    "share_index": "阿里",
    "share_name": "YYDS更新",
    "share_id": "73MzTG111kL"
  },
  {
    "share_index": "阿里",
    "share_name": "全球分享",
    "share_id": "zS888Dm8arT"
  },{
  "share_index": "阿里",
  "share_name": "老司机",
  "share_id": "5bsnAp5fbCW"
},
  {
    "share_index": "阿里",
    "share_name": "平凡中的",
    "share_id": "4ydLxf7VgH7"
  },
  {
    "share_index": "阿里",
    "share_name": "短剧",
    "share_id": "5Fzz7JFuQyg"
  },
  {
    "share_index": "阿里",
    "share_name": "GRT剧集",
    "share_id": "PqYwaGCmY78"
  },
  {
    "share_name": "GRT易和谐电影",
    "share_id": "6LvWZoQo3nS"
  },
  {
    "share_name": "tacit0924",
    "share_id": "wbrhqM5HkSV",
    "share_pwd":"6666"
  },
  {
    "share_name": "黄妈",
    "share_id": "4bGRVUdUtct"
  },
  {
    "share_name": "YYDSVIP",
    "share_id": "dieULBdYP3D"
  },
  {
    "share_name": "YYDSHD",
    "share_id": "M6rD2CJXpRb"
  },
  {
    "share_name": "优源阁",
    "share_id": "RnjUi1urdb2"
  }, {
  "share_name": "风流动漫",
  "share_id": "WdaaeX7HK44"
},
  {
    "share_name": "风流剧集",
    "share_id": "BLu6RUwRrLb"
  },
  {
    "share_index": "阿里",
    "share_name": "xiaaluo",
    "share_id": "sg8CdGUwmUr"
  }
]