    {
    
    "作者":"天天开心",
    
    "站名":"七新影视",
    
    "主页url":"http://www.7xdy.com/",
    
    "简介":"+<span class=\"detail-content\" style=*>&&</span>",
    
    "影片状态":"状态：&&</p>",
    
    "搜索url":"/search.php;post;searchword={wd}",
    
    "线路数组":"<h3&&/h3>",
    
    "线路标题":"+src=*>&&<",
    
    "分类url":"http://www.7xdy.com/{cateId}/index{catePg}.html[http://www.7xdy.com/{cateId}/index.html];;k",
    
    "分类":"电影$dianyingpian#电视剧$dianshiju#综艺$zongyi#动漫$dongman"}